{
    "directors": [
      {
        "id": 1,
        "name": "José",
        "email": "jose@di.uminho.pt",
        "password": "123"
      }
    ],
    "teachers": [
      {
        "id": 1,
        "name": "Pedro",
        "email": "pedro@di.uminho.pt",
        "password": "123"
      },
      {
        "id": 2,
        "name": "Ana",
        "email": "ana@di.uminho.pt",
        "password": "123"
      },
      {
        "id": 3,
        "name": "Luís",
        "email": "luis@di.uminho.pt",
        "password": "123"
      },
      {
        "id": 4,
        "name": "Maria",
        "email": "maria@di.uminho.pt",
        "password": "123"
      },
      {
        "id": 5,
        "name": "João",
        "email": "joao@di.uminho.pt",
        "password": "123"
      }
    ],
    "students": [
      {
        "id": 1,
        "mecanographicNumber": "A32324",
        "name": "Mafalda Teixeira",
        "email": "a32324@alunos.uminho.pt",
        "password": "123",
        "year": 2,
        "specialStatus": true,
        "enrolled": [1, 2, 3, 4, 5],
        "personalInfo": {
          "phone": "+351 912 345 678",
          "address": "Braga",
          "age": 18,
          "location": "São Vítor, Braga, Portugal",
          "interests": "Tecnologia, automóveis, jogos de computador",
          "goals": "Realizar o curso. Ter um horário de acordo com o que me convém. Adaptar-se a um curso com o que não estou muito familiar.",
          "challenges": "Adaptar-se e compreender o funcionamento do curso universitário. Solicitar a colegas que conhece",
          "courseType": "Licenciatura",
          "average": "14.65",
          "solutions": "Perguntar aos colegas que conhece",
          "comment": "Ainda não percebi bem como funciona isto dos turnos, espero não ficar com um horário cheio de buracos. Disseram-me que era bom se não tivesse aulas na quinta de manhã."
        }
      },
      {
        "id": 2,
        "mecanographicNumber": "A33232",
        "name": "Carlos",
        "email": "33232@alunos.uminho.pt",
        "password": "123",
        "year": 1,
        "specialStatus": false,
        "enrolled": [6, 7, 8, 9, 10],
        "personalInfo": {
          "phone": "+351 913 345 678",
          "address": "Guimarães",
          "age": 19,
          "location": "Azurém, Guimarães, Portugal",
          "interests": "Desporto, música, cinema",
          "goals": "Concluir o curso com boa média",
          "challenges": "Equilibrar estudos com atividades extracurriculares",
          "courseType": "Licenciatura",
          "average": "15.20",
          "solutions": "Criar um plano de estudos eficiente",
          "comment": "Espero conseguir um bom horário este semestre."
        }
      },
      {
        "id": 3,
        "mecanographicNumber": "J32324",
        "name": "Joana",
        "email": "j32324@alunos.uminho.pt",
        "password": "123",
        "year": 2,
        "specialStatus": false,
        "enrolled": [11, 12, 13, 14, 15],
        "personalInfo": {
          "phone": "+351 914 345 678",
          "address": "Braga",
          "age": 20,
          "location": "Gualtar, Braga, Portugal",
          "interests": "Leitura, programação, viagens",
          "goals": "Especializar-se em inteligência artificial",
          "challenges": "Aprofundar conhecimentos em matemática",
          "courseType": "Licenciatura",
          "average": "16.75",
          "solutions": "Participar em grupos de estudo",
          "comment": "Gostaria de ter aulas mais concentradas em certos dias da semana."
        }
      },
      {
        "id": 4,
        "mecanographicNumber": "R32324",
        "name": "Ricardo",
        "email": "r32324@alunos.uminho.pt",
        "password": "123",
        "year": 2,
        "specialStatus": false,
        "enrolled": [16, 17, 18, 19, 20],
        "personalInfo": {
          "phone": "+351 915 345 678",
          "address": "Porto",
          "age": 21,
          "location": "Paranhos, Porto, Portugal",
          "interests": "Robótica, jogos, fotografia",
          "goals": "Trabalhar em desenvolvimento de software",
          "challenges": "Melhorar habilidades de trabalho em equipe",
          "courseType": "Licenciatura",
          "average": "14.30",
          "solutions": "Participar em projetos extracurriculares",
          "comment": "Prefiro aulas de manhã para ter as tardes livres para projetos pessoais."
        }
      },
      {
        "id": 5,
        "mecanographicNumber": "S32324",
        "name": "Sofia",
        "email": "s32324@alunos.uminho.pt",
        "password": "123",
        "year": 3,
        "specialStatus": true,
        "enrolled": [21, 22, 23, 24, 25],
        "personalInfo": {
          "phone": "+351 916 345 678",
          "address": "Braga",
          "age": 22,
          "location": "São Vicente, Braga, Portugal",
          "interests": "Dança, design, redes sociais",
          "goals": "Seguir carreira em UX/UI design",
          "challenges": "Conciliar trabalho part-time com estudos",
          "courseType": "Licenciatura",
          "average": "15.90",
          "solutions": "Organização rigorosa do tempo",
          "comment": "Preciso de um horário que me permita continuar com o trabalho part-time."
        }
      },
      {
        "id": 6,
        "mecanographicNumber": "T32324",
        "name": "Tiago",
        "email": "t32324@alunos.uminho.pt",
        "password": "123",
        "year": 3,
        "specialStatus": false,
        "enrolled": [26, 27, 28, 29, 30],
        "personalInfo": {
          "phone": "+351 917 345 678",
          "address": "Guimarães",
          "age": 23,
          "location": "Creixomil, Guimarães, Portugal",
          "interests": "Futebol, programação, economia",
          "goals": "Criar uma startup de tecnologia",
          "challenges": "Desenvolver habilidades de liderança",
          "courseType": "Licenciatura",
          "average": "17.20",
          "solutions": "Participar em competições de programação",
          "comment": "Espero ter um horário que me permita participar em atividades extracurriculares."
        }
      },
      {
        "id": 7,
        "mecanographicNumber": "I32324",
        "name": "Inês",
        "email": "i32324@alunos.uminho.pt",
        "password": "123",
        "year": 1,
        "specialStatus": false,
        "enrolled": [1, 2, 3, 4, 5],
        "personalInfo": {
          "phone": "+351 918 345 678",
          "address": "Braga",
          "age": 18,
          "location": "Maximinos, Braga, Portugal",
          "interests": "Música, cinema, literatura",
          "goals": "Explorar diferentes áreas da informática",
          "challenges": "Adaptação ao ambiente universitário",
          "courseType": "Licenciatura",
          "average": "14.80",
          "solutions": "Buscar orientação com professores",
          "comment": "Como caloira, espero conseguir um horário que facilite minha adaptação."
        }
      },
      {
        "id": 8,
        "mecanographicNumber": "G32324",
        "name": "Gonçalo",
        "email": "g32324@alunos.uminho.pt",
        "password": "123",
        "year": 1,
        "specialStatus": false,
        "enrolled": [6, 7, 8, 9, 10],
        "personalInfo": {
          "phone": "+351 919 345 678",
          "address": "Viana do Castelo",
          "age": 19,
          "location": "Santa Maria Maior, Viana do Castelo, Portugal",
          "interests": "Natação, jogos de tabuleiro, história",
          "goals": "Desenvolver competências em programação",
          "challenges": "Deslocação diária para a universidade",
          "courseType": "Licenciatura",
          "average": "13.95",
          "solutions": "Otimizar tempo de viagem para estudar",
          "comment": "Preciso de um horário compacto devido ao tempo de deslocação."
        }
      },
      {
        "id": 9,
        "mecanographicNumber": "M32324",
        "name": "Mariana",
        "email": "m32324@alunos.uminho.pt",
        "password": "123",
        "year": 2,
        "specialStatus": false,
        "enrolled": [11, 12, 13, 14, 15],
        "personalInfo": {
          "phone": "+351 920 345 678",
          "address": "Braga",
          "age": 20,
          "location": "Real, Braga, Portugal",
          "interests": "Pintura, voluntariado, tecnologia",
          "goals": "Trabalhar em projetos de impacto social",
          "challenges": "Equilibrar atividades extracurriculares",
          "courseType": "Licenciatura",
          "average": "16.30",
          "solutions": "Gestão eficiente do tempo",
          "comment": "Gostaria de ter aulas concentradas em certos dias para dedicar outros ao voluntariado."
        }
      },
      {
        "id": 10,
        "mecanographicNumber": "D32324",
        "name": "Diogo",
        "email": "d32324@alunos.uminho.pt",
        "password": "123",
        "year": 2,
        "specialStatus": false,
        "enrolled": [16, 17, 18, 19, 20],
        "personalInfo": {
          "phone": "+351 921 345 678",
          "address": "Guimarães",
          "age": 21,
          "location": "Oliveira do Castelo, Guimarães, Portugal",
          "interests": "Ciclismo, programação, astronomia",
          "goals": "Especializar-se em segurança informática",
          "challenges": "Aprofundar conhecimentos em redes",
          "courseType": "Licenciatura",
          "average": "15.45",
          "solutions": "Participar em workshops especializados",
          "comment": "Prefiro aulas de tarde para poder treinar ciclismo de manhã."
        }
      },
      {
        "id": 11,
        "mecanographicNumber": "B32324",
        "name": "Beatriz",
        "email": "b32324@alunos.uminho.pt",
        "password": "123",
        "year": 3,
        "specialStatus": true,
        "enrolled": [21, 22, 23, 24, 25],
        "personalInfo": {
          "phone": "+351 922 345 678",
          "address": "Braga",
          "age": 22,
          "location": "São Victor, Braga, Portugal",
          "interests": "Yoga, desenvolvimento web, psicologia",
          "goals": "Trabalhar em experiência do usuário",
          "challenges": "Conciliar estágio com estudos",
          "courseType": "Licenciatura",
          "average": "16.80",
          "solutions": "Planejamento semanal rigoroso",
          "comment": "Necessito de horário compatível com estágio part-time."
        }
      },
      {
        "id": 12,
        "mecanographicNumber": "F32324",
        "name": "Fábio",
        "email": "f32324@alunos.uminho.pt",
        "password": "123",
        "year": 3,
        "specialStatus": false,
        "enrolled": [26, 27, 28, 29, 30],
        "personalInfo": {
          "phone": "+351 923 345 678",
          "address": "Porto",
          "age": 23,
          "location": "Cedofeita, Porto, Portugal",
          "interests": "Música, desenvolvimento de jogos, cinema",
          "goals": "Criar um estúdio indie de jogos",
          "challenges": "Aprimorar habilidades de design",
          "courseType": "Licenciatura",
          "average": "15.10",
          "solutions": "Participar em game jams",
          "comment": "Prefiro aulas concentradas em poucos dias para ter tempo para projetos pessoais."
        }
      },
      {
        "id": 13,
        "mecanographicNumber": "A32325",
        "name": "Ana",
        "email": "a32325@alunos.uminho.pt",
        "password": "123",
        "year": 1,
        "specialStatus": false,
        "enrolled": [1, 2, 3, 4, 5],
        "personalInfo": {
          "phone": "+351 924 345 678",
          "address": "Braga",
          "age": 18,
          "location": "São Lázaro, Braga, Portugal",
          "interests": "Fotografia, programação, viagens",
          "goals": "Desenvolver aplicações móveis",
          "challenges": "Adaptação ao ritmo universitário",
          "courseType": "Licenciatura",
          "average": "14.20",
          "solutions": "Formar grupo de estudos",
          "comment": "Espero ter um horário que me permita adaptar bem ao primeiro ano."
        }
      },
      {
        "id": 14,
        "mecanographicNumber": "B32325",
        "name": "Bruno",
        "email": "b32325@alunos.uminho.pt",
        "password": "123",
        "year": 1,
        "specialStatus": false,
        "enrolled": [6, 7, 8, 9, 10],
        "personalInfo": {
          "phone": "+351 925 345 678",
          "address": "Guimarães",
          "age": 19,
          "location": "Costa, Guimarães, Portugal",
          "interests": "Basquetebol, tecnologia, história",
          "goals": "Explorar diferentes linguagens de programação",
          "challenges": "Melhorar habilidades matemáticas",
          "courseType": "Licenciatura",
          "average": "13.75",
          "solutions": "Buscar tutoria em matemática",
          "comment": "Gostaria de ter aulas que não interfiram com os treinos de basquetebol."
        }
      },
      {
        "id": 15,
        "mecanographicNumber": "C32325",
        "name": "Catarina",
        "email": "c32325@alunos.uminho.pt",
        "password": "123",
        "year": 2,
        "specialStatus": false,
        "enrolled": [11, 12, 13, 14, 15],
        "personalInfo": {
          "phone": "+351 926 345 678",
          "address": "Braga",
          "age": 20,
          "location": "Nogueiró, Braga, Portugal",
          "interests": "Dança, inteligência artificial, literatura",
          "goals": "Trabalhar com machine learning",
          "challenges": "Aprofundar conhecimentos estatísticos",
          "courseType": "Licenciatura",
          "average": "17.30",
          "solutions": "Participar em projetos de pesquisa",
          "comment": "Prefiro aulas de manhã para ter as tardes livres para projetos."
        }
      },
      {
        "id": 16,
        "mecanographicNumber": "D32325",
        "name": "Daniel",
        "email": "d32325@alunos.uminho.pt",
        "password": "123",
        "year": 2,
        "specialStatus": false,
        "enrolled": [16, 17, 18, 19, 20],
        "personalInfo": {
          "phone": "+351 927 345 678",
          "address": "Vila Nova de Famalicão",
          "age": 21,
          "location": "Antas, Vila Nova de Famalicão, Portugal",
          "interests": "Xadrez, cibersegurança, filosofia",
          "goals": "Especializar-se em segurança de redes",
          "challenges": "Equilibrar teoria e prática",
          "courseType": "Licenciatura",
          "average": "15.85",
          "solutions": "Participar em competições de cibersegurança",
          "comment": "Gostaria de ter um horário que facilite a deslocação diária."
        }
      },
      {
        "id": 17,
        "mecanographicNumber": "E32325",
        "name": "Eva",
        "email": "e32325@alunos.uminho.pt",
        "password": "123",
        "year": 3,
        "specialStatus": false,
        "enrolled": [21, 22, 23, 24, 25],
        "personalInfo": {
          "phone": "+351 928 345 678",
          "address": "Braga",
          "age": 22,
          "location": "Ferreiros, Braga, Portugal",
          "interests": "Pintura, computação gráfica, cinema",
          "goals": "Trabalhar com realidade virtual",
          "challenges": "Desenvolver portfolio profissional",
          "courseType": "Licenciatura",
          "average": "16.40",
          "solutions": "Participar em projetos interdisciplinares",
          "comment": "Preciso de horário que permita estágio em empresa de tecnologia."
        }
      },
      {
        "id": 18,
        "mecanographicNumber": "F32325",
        "name": "Filipe",
        "email": "f32325@alunos.uminho.pt",
        "password": "123",
        "year": 3,
        "specialStatus": false,
        "enrolled": [26, 27, 28, 29, 30],
        "personalInfo": {
          "phone": "+351 929 345 678",
          "address": "Guimarães",
          "age": 23,
          "location": "Urgezes, Guimarães, Portugal",
          "interests": "Atletismo, empreendedorismo, tecnologia",
          "goals": "Lançar startup após graduação",
          "challenges": "Desenvolver habilidades de gestão",
          "courseType": "Licenciatura",
          "average": "16.90",
          "solutions": "Participar em programas de empreendedorismo",
          "comment": "Gostaria de ter aulas concentradas para dedicar tempo ao projeto de startup."
        }
      },
      {
        "id": 19,
        "mecanographicNumber": "G32325",
        "name": "Gabriela",
        "email": "g32325@alunos.uminho.pt",
        "password": "123",
        "year": 1,
        "specialStatus": true,
        "enrolled": [1, 2, 3, 4, 5],
        "personalInfo": {
          "phone": "+351 930 345 678",
          "address": "Braga",
          "age": 19,
          "location": "Lamaçães, Braga, Portugal",
          "interests": "Música, programação, psicologia",
          "goals": "Desenvolver aplicações educacionais",
          "challenges": "Conciliar estudos com problemas de saúde",
          "courseType": "Licenciatura",
          "average": "15.60",
          "solutions": "Solicitar apoio aos serviços acadêmicos",
          "comment": "Necessito de horário adaptado devido a condição médica."
        }
      },
      {
        "id": 20,
        "mecanographicNumber": "H32325",
        "name": "Hugo",
        "email": "h32325@alunos.uminho.pt",
        "password": "123",
        "year": 1,
        "specialStatus": false,
        "enrolled": [6, 7, 8, 9, 10],
        "personalInfo": {
          "phone": "+351 931 345 678",
          "address": "Porto",
          "age": 19,
          "location": "Bonfim, Porto, Portugal",
          "interests": "Skate, desenvolvimento web, design",
          "goals": "Trabalhar como desenvolvedor full-stack",
          "challenges": "Melhorar habilidades de design",
          "courseType": "Licenciatura",
          "average": "14.50",
          "solutions": "Fazer cursos online complementares",
          "comment": "Prefiro aulas à tarde para poder viajar de Porto para Braga."
        }
      },
      {
        "id": 21,
        "mecanographicNumber": "I32325",
        "name": "Isabel",
        "email": "i32325@alunos.uminho.pt",
        "password": "123",
        "year": 2,
        "specialStatus": false,
        "enrolled": [11, 12, 13, 14, 15],
        "personalInfo": {
          "phone": "+351 932 345 678",
          "address": "Braga",
          "age": 20,
          "location": "Sé, Braga, Portugal",
          "interests": "Voluntariado, bases de dados, economia",
          "goals": "Trabalhar com análise de dados",
          "challenges": "Aprofundar conhecimentos estatísticos",
          "courseType": "Licenciatura",
          "average": "16.20",
          "solutions": "Participar em projetos de pesquisa",
          "comment": "Gostaria de ter horário que permita continuar atividades de voluntariado."
        }
      },
      {
        "id": 22,
        "mecanographicNumber": "J32325",
        "name": "Jorge",
        "email": "j32325@alunos.uminho.pt",
        "password": "123",
        "year": 2,
        "specialStatus": false,
        "enrolled": [16, 17, 18, 19, 20],
        "personalInfo": {
          "phone": "+351 933 345 678",
          "address": "Guimarães",
          "age": 21,
          "location": "Creixomil, Guimarães, Portugal",
          "interests": "Futebol, segurança informática, história",
          "goals": "Trabalhar em cibersegurança",
          "challenges": "Equilibrar desporto e estudos",
          "courseType": "Licenciatura",
          "average": "14.90",
          "solutions": "Criar rotina rigorosa",
          "comment": "Preciso de horário compatível com treinos de futebol."
        }
      },
      {
        "id": 23,
        "mecanographicNumber": "L32325",
        "name": "Leonor",
        "email": "l32325@alunos.uminho.pt",
        "password": "123",
        "year": 3,
        "specialStatus": false,
        "enrolled": [21, 22, 23, 24, 25],
        "personalInfo": {
          "phone": "+351 934 345 678",
          "address": "Braga",
          "age": 22,
          "location": "São Vicente, Braga, Portugal",
          "interests": "Fotografia, inteligência artificial, viagens",
          "goals": "Trabalhar com visão computacional",
          "challenges": "Aprofundar conhecimentos matemáticos",
          "courseType": "Licenciatura",
          "average": "17.40",
          "solutions": "Participar em grupos de estudo avançados",
          "comment": "Gostaria de ter aulas concentradas para poder viajar nos fins de semana."
        }
      },
      {
        "id": 24,
        "mecanographicNumber": "M32325",
        "name": "Miguel",
        "email": "m32325@alunos.uminho.pt",
        "password": "123",
        "year": 3,
        "specialStatus": false,
        "enrolled": [26, 27, 28, 29, 30],
        "personalInfo": {
          "phone": "+351 935 345 678",
          "address": "Barcelos",
          "age": 23,
          "location": "Arcozelo, Barcelos, Portugal",
          "interests": "Guitarra, desenvolvimento de jogos, literatura",
          "goals": "Trabalhar na indústria de jogos",
          "challenges": "Melhorar habilidades de design",
          "courseType": "Licenciatura",
          "average": "15.70",
          "solutions": "Participar em game jams",
          "comment": "Prefiro aulas de manhã para ter as tardes para projetos pessoais."
        }
      },
      {
        "id": 25,
        "mecanographicNumber": "N32325",
        "name": "Nuno",
        "email": "n32325@alunos.uminho.pt",
        "password": "123",
        "year": 1,
        "specialStatus": false,
        "enrolled": [1, 2, 3, 4, 5],
        "personalInfo": {
          "phone": "+351 936 345 678",
          "address": "Braga",
          "age": 18,
          "location": "Maximinos, Braga, Portugal",
          "interests": "Natação, matemática, física",
          "goals": "Seguir carreira acadêmica",
          "challenges": "Adaptação ao ritmo universitário",
          "courseType": "Licenciatura",
          "average": "16.50",
          "solutions": "Estabelecer rotina de estudos",
          "comment": "Espero ter um horário equilibrado para me adaptar bem ao primeiro ano."
        }
      },
      {
        "id": 26,
        "mecanographicNumber": "O32325",
        "name": "Olívia",
        "email": "o32325@alunos.uminho.pt",
        "password": "123",
        "year": 1,
        "specialStatus": false,
        "enrolled": [6, 7, 8, 9, 10],
        "personalInfo": {
          "phone": "+351 937 345 678",
          "address": "Guimarães",
          "age": 19,
          "location": "Azurém, Guimarães, Portugal",
          "interests": "Dança, programação, psicologia",
          "goals": "Desenvolver aplicações de bem-estar",
          "challenges": "Equilibrar atividades artísticas e estudos",
          "courseType": "Licenciatura",
          "average": "15.30",
          "solutions": "Criar horário rigoroso",
          "comment": "Gostaria de ter aulas que não interfiram com aulas de dança."
        }
      },
      {
        "id": 27,
        "mecanographicNumber": "P32325",
        "name": "Pedro",
        "email": "p32325@alunos.uminho.pt",
        "password": "123",
        "year": 2,
        "specialStatus": false,
        "enrolled": [11, 12, 13, 14, 15],
        "personalInfo": {
          "phone": "+351 938 345 678",
          "address": "Braga",
          "age": 20,
          "location": "São Victor, Braga, Portugal",
          "interests": "Ciclismo, bases de dados, economia",
          "goals": "Trabalhar com sistemas de informação",
          "challenges": "Melhorar habilidades de comunicação",
          "courseType": "Licenciatura",
          "average": "14.80",
          "solutions": "Participar em apresentações e workshops",
          "comment": "Prefiro aulas de tarde para poder treinar ciclismo de manhã."
        }
      },
      {
        "id": 28,
        "mecanographicNumber": "R32325",
        "name": "Rita",
        "email": "r32325@alunos.uminho.pt",
        "password": "123",
        "year": 2,
        "specialStatus": false,
        "enrolled": [16, 17, 18, 19, 20],
        "personalInfo": {
          "phone": "+351 939 345 678",
          "address": "Viana do Castelo",
          "age": 21,
          "location": "Santa Maria Maior, Viana do Castelo, Portugalugal",
          "interests": "Yoga, interface pessoa-máquina, design",
          "goals": "Trabalhar com experiência do usuário",
          "challenges": "Conciliar deslocação diária com estudos",
          "courseType": "Licenciatura",
          "average": "16.10",
          "solutions": "Otimizar tempo de viagem para estudar",
          "comment": "Necessito de horário compacto devido ao tempo de deslocação."
        }
      },
      {
        "id": 29,
        "mecanographicNumber": "S32325",
        "name": "Sara",
        "email": "s32325@alunos.uminho.pt",
        "password": "123",
        "year": 3,
        "specialStatus": false,
        "enrolled": [21, 22, 23, 24, 25],
        "personalInfo": {
          "phone": "+351 940 345 678",
          "address": "Braga",
          "age": 22,
          "location": "Gualtar, Braga, Portugal",
          "interests": "Leitura, machine learning, filosofia",
          "goals": "Seguir carreira em pesquisa",
          "challenges": "Equilibrar teoria e prática",
          "courseType": "Licenciatura",
          "average": "17.80",
          "solutions": "Participar em projetos de pesquisa",
          "comment": "Gostaria de ter horário que permita estágio em laboratório de pesquisa."
        }
      },
      {
        "id": 30,
        "mecanographicNumber": "T32325",
        "name": "Tiago",
        "email": "t32325@alunos.uminho.pt",
        "password": "123",
        "year": 3,
        "specialStatus": false,
        "enrolled": [26, 27, 28, 29, 30],
        "personalInfo": {
          "phone": "+351 941 345 678",
          "address": "Guimarães",
          "age": 23,
          "location": "Oliveira do Castelo, Guimarães, Portugal",
          "interests": "Basquetebol, sistemas embarcados, robótica",
          "goals": "Trabalhar com IoT e sistemas embarcados",
          "challenges": "Aprofundar conhecimentos em hardware",
          "courseType": "Licenciatura",
          "average": "15.90",
          "solutions": "Participar em projetos práticos",
          "comment": "Prefiro aulas concentradas para ter tempo para projetos pessoais."
        }
      }
    ],
    "degrees": [
      {
        "id": 1,
        "name": "Licenciatura em Engenharia Informática",
        "abbreviation": "LEI",
        "directorId": 1
      }
    ],
    "courses": [
      {
        "id": 1,
        "name": "Matemática",
        "abbreviation": "MAT",
        "year": 1,
        "semester": 1,
        "degreeId": 1
      },
      {
        "id": 2,
        "name": "Fundamentos de Programação",
        "abbreviation": "FP",
        "year": 1,
        "semester": 1,
        "degreeId": 1
      },
      {
        "id": 3,
        "name": "Introdução à Computação",
        "abbreviation": "IC",
        "year": 1,
        "semester": 1,
        "degreeId": 1
      },
      {
        "id": 4,
        "name": "Álgebra Linear",
        "abbreviation": "AL",
        "year": 1,
        "semester": 1,
        "degreeId": 1
      },
      {
        "id": 5,
        "name": "Lógica para Computação",
        "abbreviation": "LC",
        "year": 1,
        "semester": 1,
        "degreeId": 1
      },
      {
        "id": 6,
        "name": "Cálculo",
        "abbreviation": "CAL",
        "year": 1,
        "semester": 2,
        "degreeId": 1
      },
      {
        "id": 7,
        "name": "Programação Orientada a Objetos",
        "abbreviation": "POO",
        "year": 1,
        "semester": 2,
        "degreeId": 1
      },
      {
        "id": 8,
        "name": "Estruturas de Dados",
        "abbreviation": "ED",
        "year": 1,
        "semester": 2,
        "degreeId": 1
      },
      {
        "id": 9,
        "name": "Arquitetura de Computadores",
        "abbreviation": "AC",
        "year": 1,
        "semester": 2,
        "degreeId": 1
      },
      {
        "id": 10,
        "name": "Sistemas Operativos",
        "abbreviation": "SO",
        "year": 1,
        "semester": 2,
        "degreeId": 1
      },
      {
        "id": 11,
        "name": "Bases de Dados",
        "abbreviation": "BD",
        "year": 2,
        "semester": 1,
        "degreeId": 1
      },
      {
        "id": 12,
        "name": "Redes de Computadores",
        "abbreviation": "RC",
        "year": 2,
        "semester": 1,
        "degreeId": 1
      },
      {
        "id": 13,
        "name": "Engenharia de Software",
        "abbreviation": "ES",
        "year": 2,
        "semester": 1,
        "degreeId": 1
      },
      {
        "id": 14,
        "name": "Inteligência Artificial",
        "abbreviation": "IA",
        "year": 2,
        "semester": 1,
        "degreeId": 1
      },
      {
        "id": 15,
        "name": "Sistemas Distribuídos",
        "abbreviation": "SD",
        "year": 2,
        "semester": 1,
        "degreeId": 1
      },
      {
        "id": 16,
        "name": "Compiladores",
        "abbreviation": "COMP",
        "year": 2,
        "semester": 2,
        "degreeId": 1
      },
      {
        "id": 17,
        "name": "Segurança Informática",
        "abbreviation": "SI",
        "year": 2,
        "semester": 2,
        "degreeId": 1
      },
      {
        "id": 18,
        "name": "Interface Pessoa-Máquina",
        "abbreviation": "IPM",
        "year": 2,
        "semester": 2,
        "degreeId": 1
      },
      {
        "id": 19,
        "name": "Grafos e Algoritmos",
        "abbreviation": "GA",
        "year": 2,
        "semester": 2,
        "degreeId": 1
      },
      {
        "id": 20,
        "name": "Processamento de Linguagens",
        "abbreviation": "PL",
        "year": 2,
        "semester": 2,
        "degreeId": 1
      },
      {
        "id": 21,
        "name": "Aprendizagem de Máquina",
        "abbreviation": "AM",
        "year": 3,
        "semester": 1,
        "degreeId": 1
      },
      {
        "id": 22,
        "name": "Sistemas de Informação",
        "abbreviation": "SI",
        "year": 3,
        "semester": 1,
        "degreeId": 1
      },
      {
        "id": 23,
        "name": "Computação Gráfica",
        "abbreviation": "CG",
        "year": 3,
        "semester": 1,
        "degreeId": 1
      },
      {
        "id": 24,
        "name": "Redes de Nova Geração",
        "abbreviation": "RNG",
        "year": 3,
        "semester": 1,
        "degreeId": 1
      },
      {
        "id": 25,
        "name": "Sistemas Embarcados",
        "abbreviation": "SE",
        "year": 3,
        "semester": 1,
        "degreeId": 1
      },
      {
        "id": 26,
        "name": "Projeto de Engenharia Informática",
        "abbreviation": "PEI",
        "year": 3,
        "semester": 2,
        "degreeId": 1
      },
      {
        "id": 27,
        "name": "Tópicos Avançados em Computação",
        "abbreviation": "TAC",
        "year": 3,
        "semester": 2,
        "degreeId": 1
      },
      {
        "id": 28,
        "name": "Gestão de Projetos de Software",
        "abbreviation": "GPS",
        "year": 3,
        "semester": 2,
        "degreeId": 1
      },
      {
        "id": 29,
        "name": "Computação Móvel",
        "abbreviation": "CM",
        "year": 3,
        "semester": 2,
        "degreeId": 1
      },
      {
        "id": 30,
        "name": "Sistemas de Tempo Real",
        "abbreviation": "STR",
        "year": 3,
        "semester": 2,
        "degreeId": 1
      }
    ],
    "shifts": [
      {
        "id": 1,
        "courseId": 1,
        "classroomId": 1,
        "day": "Monday",
        "from": 10,
        "to": 12,
        "type": "T",
        "name": "T1",
        "teacherId": 1,
        "totalStudentsRegistered": 10
      },
      {
        "id": 2,
        "courseId": 1,
        "classroomId": 1,
        "day": "Tuesday",
        "from": 14,
        "to": 16,
        "type": "PL",
        "name": "PL1",
        "teacherId": 1,
        "totalStudentsRegistered": 10
      },
      {
        "id": 3,
        "courseId": 2,
        "classroomId": 1,
        "day": "Wednesday",
        "from": 10,
        "to": 12,
        "type": "T",
        "name": "T1",
        "teacherId": 2,
        "totalStudentsRegistered": 10
      },
      {
        "id": 4,
        "courseId": 2,
        "classroomId": 1,
        "day": "Thursday",
        "from": 14,
        "to": 16,
        "type": "PL",
        "name": "PL1",
        "teacherId": 2,
        "totalStudentsRegistered": 10
      },
      {
        "id": 5,
        "courseId": 3,
        "classroomId": 1,
        "day": "Friday",
        "from": 10,
        "to": 12,
        "type": "T",
        "name": "T1",
        "teacherId": 3,
        "totalStudentsRegistered": 10
      },
      {
        "id": 6,
        "courseId": 3,
        "classroomId": 1,
        "day": "Monday",
        "from": 14,
        "to": 16,
        "type": "PL",
        "name": "PL1",
        "teacherId": 3,
        "totalStudentsRegistered": 10
      },
      {
        "id": 7,
        "courseId": 4,
        "classroomId": 1,
        "day": "Tuesday",
        "from": 10,
        "to": 12,
        "type": "T",
        "name": "T1",
        "teacherId": 4,
        "totalStudentsRegistered": 10
      },
      {
        "id": 8,
        "courseId": 4,
        "classroomId": 1,
        "day": "Wednesday",
        "from": 14,
        "to": 16,
        "type": "PL",
        "name": "PL1",
        "teacherId": 4,
        "totalStudentsRegistered": 10
      },
      {
        "id": 9,
        "courseId": 5,
        "classroomId": 1,
        "day": "Thursday",
        "from": 10,
        "to": 12,
        "type": "T",
        "name": "T1",
        "teacherId": 5,
        "totalStudentsRegistered": 10
      },
      {
        "id": 10,
        "courseId": 5,
        "classroomId": 1,
        "day": "Friday",
        "from": 14,
        "to": 16,
        "type": "PL",
        "name": "PL1",
        "teacherId": 5,
        "totalStudentsRegistered": 10
      },
      {
        "id": 11,
        "courseId": 6,
        "classroomId": 1,
        "day": "Monday",
        "from": 10,
        "to": 12,
        "type": "T",
        "name": "T1",
        "teacherId": 1,
        "totalStudentsRegistered": 10
      },
      {
        "id": 12,
        "courseId": 6,
        "classroomId": 1,
        "day": "Tuesday",
        "from": 14,
        "to": 16,
        "type": "PL",
        "name": "PL1",
        "teacherId": 1,
        "totalStudentsRegistered": 10
      },
      {
        "id": 13,
        "courseId": 7,
        "classroomId": 1,
        "day": "Wednesday",
        "from": 10,
        "to": 12,
        "type": "T",
        "name": "T1",
        "teacherId": 2,
        "totalStudentsRegistered": 10
      },
      {
        "id": 14,
        "courseId": 7,
        "classroomId": 1,
        "day": "Thursday",
        "from": 14,
        "to": 16,
        "type": "PL",
        "name": "PL1",
        "teacherId": 2,
        "totalStudentsRegistered": 10
      },
      {
        "id": 15,
        "courseId": 8,
        "classroomId": 1,
        "day": "Friday",
        "from": 10,
        "to": 12,
        "type": "T",
        "name": "T1",
        "teacherId": 3,
        "totalStudentsRegistered": 10
      },
      {
        "id": 16,
        "courseId": 8,
        "classroomId": 1,
        "day": "Monday",
        "from": 14,
        "to": 16,
        "type": "PL",
        "name": "PL1",
        "teacherId": 3,
        "totalStudentsRegistered": 10
      },
      {
        "id": 100,
        "courseId": 5,
        "classroomId": 1,
        "day": "Thursday",
        "from": 14,
        "to": 16,
        "type": "T",
        "name": "T2",
        "teacherId": 3,
        "totalStudentsRegistered": 10
      },
      {
        "id": 17,
        "courseId": 9,
        "classroomId": 1,
        "day": "Tuesday",
        "from": 10,
        "to": 12,
        "type": "T",
        "name": "T1",
        "teacherId": 4,
        "totalStudentsRegistered": 10
      },
      {
        "id": 18,
        "courseId": 9,
        "classroomId": 1,
        "day": "Wednesday",
        "from": 14,
        "to": 16,
        "type": "PL",
        "name": "PL1",
        "teacherId": 4,
        "totalStudentsRegistered": 10
      },
      {
        "id": 19,
        "courseId": 10,
        "classroomId": 1,
        "day": "Thursday",
        "from": 10,
        "to": 12,
        "type": "T",
        "name": "T1",
        "teacherId": 5,
        "totalStudentsRegistered": 10
      },
      {
        "id": 20,
        "courseId": 10,
        "classroomId": 1,
        "day": "Friday",
        "from": 14,
        "to": 16,
        "type": "PL",
        "name": "PL1",
        "teacherId": 5,
        "totalStudentsRegistered": 10
      },
      {
        "id": 21,
        "courseId": 11,
        "classroomId": 1,
        "day": "Monday",
        "from": 10,
        "to": 12,
        "type": "T",
        "name": "T1",
        "teacherId": 1,
        "totalStudentsRegistered": 10
      },
      {
        "id": 22,
        "courseId": 11,
        "classroomId": 1,
        "day": "Tuesday",
        "from": 14,
        "to": 16,
        "type": "PL",
        "name": "PL1",
        "teacherId": 1,
        "totalStudentsRegistered": 10
      },
      {
        "id": 23,
        "courseId": 12,
        "classroomId": 1,
        "day": "Wednesday",
        "from": 10,
        "to": 12,
        "type": "T",
        "name": "T1",
        "teacherId": 2,
        "totalStudentsRegistered": 10
      },
      {
        "id": 24,
        "courseId": 12,
        "classroomId": 1,
        "day": "Thursday",
        "from": 14,
        "to": 16,
        "type": "PL",
        "name": "PL1",
        "teacherId": 2,
        "totalStudentsRegistered": 10
      },
      {
        "id": 25,
        "courseId": 13,
        "classroomId": 1,
        "day": "Friday",
        "from": 10,
        "to": 12,
        "type": "T",
        "name": "T1",
        "teacherId": 3,
        "totalStudentsRegistered": 10
      },
      {
        "id": 26,
        "courseId": 13,
        "classroomId": 1,
        "day": "Monday",
        "from": 14,
        "to": 16,
        "type": "PL",
        "name": "PL1",
        "teacherId": 3,
        "totalStudentsRegistered": 10
      },
      {
        "id": 27,
        "courseId": 14,
        "classroomId": 1,
        "day": "Tuesday",
        "from": 10,
        "to": 12,
        "type": "T",
        "name": "T1",
        "teacherId": 4,
        "totalStudentsRegistered": 10
      },
      {
        "id": 28,
        "courseId": 14,
        "classroomId": 1,
        "day": "Wednesday",
        "from": 14,
        "to": 16,
        "type": "PL",
        "name": "PL1",
        "teacherId": 4,
        "totalStudentsRegistered": 10
      },
      {
        "id": 29,
        "courseId": 15,
        "classroomId": 1,
        "day": "Thursday",
        "from": 10,
        "to": 12,
        "type": "T",
        "name": "T1",
        "teacherId": 5,
        "totalStudentsRegistered": 10
      },
      {
        "id": 30,
        "courseId": 15,
        "classroomId": 1,
        "day": "Friday",
        "from": 14,
        "to": 16,
        "type": "PL",
        "name": "PL1",
        "teacherId": 5,
        "totalStudentsRegistered": 10
      },
      {
        "id": 31,
        "courseId": 16,
        "classroomId": 1,
        "day": "Monday",
        "from": 10,
        "to": 12,
        "type": "T",
        "name": "T1",
        "teacherId": 1,
        "totalStudentsRegistered": 10
      },
      {
        "id": 32,
        "courseId": 16,
        "classroomId": 1,
        "day": "Tuesday",
        "from": 14,
        "to": 16,
        "type": "PL",
        "name": "PL1",
        "teacherId": 1,
        "totalStudentsRegistered": 10
      },
      {
        "id": 33,
        "courseId": 17,
        "classroomId": 1,
        "day": "Wednesday",
        "from": 10,
        "to": 12,
        "type": "T",
        "name": "T1",
        "teacherId": 2,
        "totalStudentsRegistered": 10
      },
      {
        "id": 34,
        "courseId": 17,
        "classroomId": 1,
        "day": "Thursday",
        "from": 14,
        "to": 16,
        "type": "PL",
        "name": "PL1",
        "teacherId": 2,
        "totalStudentsRegistered": 10
      },
      {
        "id": 35,
        "courseId": 18,
        "classroomId": 1,
        "day": "Friday",
        "from": 10,
        "to": 12,
        "type": "T",
        "name": "T1",
        "teacherId": 3,
        "totalStudentsRegistered": 10
      },
      {
        "id": 36,
        "courseId": 18,
        "classroomId": 1,
        "day": "Monday",
        "from": 14,
        "to": 16,
        "type": "PL",
        "name": "PL1",
        "teacherId": 3,
        "totalStudentsRegistered": 10
      },
      {
        "id": 100,
        "courseId": 18,
        "classroomId": 1,
        "day": "Tuesday",
        "from": 14,
        "to": 16,
        "type": "PL",
        "name": "PL2",
        "teacherId": 3,
        "totalStudentsRegistered": 10
      },
      {
        "id": 37,
        "courseId": 19,
        "classroomId": 1,
        "day": "Tuesday",
        "from": 10,
        "to": 12,
        "type": "T",
        "name": "T1",
        "teacherId": 4,
        "totalStudentsRegistered": 10
      },
      {
        "id": 38,
        "courseId": 19,
        "classroomId": 1,
        "day": "Wednesday",
        "from": 14,
        "to": 16,
        "type": "PL",
        "name": "PL1",
        "teacherId": 4,
        "totalStudentsRegistered": 10
      },
      {
        "id": 39,
        "courseId": 20,
        "classroomId": 1,
        "day": "Thursday",
        "from": 10,
        "to": 12,
        "type": "T",
        "name": "T1",
        "teacherId": 5,
        "totalStudentsRegistered": 10
      },
      {
        "id": 40,
        "courseId": 20,
        "classroomId": 1,
        "day": "Friday",
        "from": 14,
        "to": 16,
        "type": "PL",
        "name": "PL1",
        "teacherId": 5,
        "totalStudentsRegistered": 10
      },
      {
        "id": 41,
        "courseId": 21,
        "classroomId": 1,
        "day": "Monday",
        "from": 10,
        "to": 12,
        "type": "T",
        "name": "T1",
        "teacherId": 1,
        "totalStudentsRegistered": 10
      },
      {
        "id": 42,
        "courseId": 21,
        "classroomId": 1,
        "day": "Tuesday",
        "from": 14,
        "to": 16,
        "type": "PL",
        "name": "PL1",
        "teacherId": 1,
        "totalStudentsRegistered": 10
      },
      {
        "id": 43,
        "courseId": 22,
        "classroomId": 1,
        "day": "Wednesday",
        "from": 10,
        "to": 12,
        "type": "T",
        "name": "T1",
        "teacherId": 2,
        "totalStudentsRegistered": 10
      },
      {
        "id": 44,
        "courseId": 22,
        "classroomId": 1,
        "day": "Thursday",
        "from": 14,
        "to": 16,
        "type": "PL",
        "name": "PL1",
        "teacherId": 2,
        "totalStudentsRegistered": 10
      },
      {
        "id": 45,
        "courseId": 23,
        "classroomId": 1,
        "day": "Friday",
        "from": 10,
        "to": 12,
        "type": "T",
        "name": "T1",
        "teacherId": 3,
        "totalStudentsRegistered": 10
      },
      {
        "id": 46,
        "courseId": 23,
        "classroomId": 1,
        "day": "Monday",
        "from": 14,
        "to": 16,
        "type": "PL",
        "name": "PL1",
        "teacherId": 3,
        "totalStudentsRegistered": 10
      },
      {
        "id": 47,
        "courseId": 24,
        "classroomId": 1,
        "day": "Tuesday",
        "from": 10,
        "to": 12,
        "type": "T",
        "name": "T1",
        "teacherId": 4,
        "totalStudentsRegistered": 10
      },
      {
        "id": 48,
        "courseId": 24,
        "classroomId": 1,
        "day": "Wednesday",
        "from": 14,
        "to": 16,
        "type": "PL",
        "name": "PL1",
        "teacherId": 4,
        "totalStudentsRegistered": 10
      },
      {
        "id": 49,
        "courseId": 25,
        "classroomId": 1,
        "day": "Thursday",
        "from": 10,
        "to": 12,
        "type": "T",
        "name": "T1",
        "teacherId": 5,
        "totalStudentsRegistered": 10
      },
      {
        "id": 50,
        "courseId": 25,
        "classroomId": 1,
        "day": "Friday",
        "from": 14,
        "to": 16,
        "type": "PL",
        "name": "PL1",
        "teacherId": 5,
        "totalStudentsRegistered": 10
      },
      {
        "id": 51,
        "courseId": 26,
        "classroomId": 1,
        "day": "Monday",
        "from": 10,
        "to": 12,
        "type": "T",
        "name": "T1",
        "teacherId": 1,
        "totalStudentsRegistered": 10
      },
      {
        "id": 52,
        "courseId": 26,
        "classroomId": 1,
        "day": "Tuesday",
        "from": 14,
        "to": 16,
        "type": "PL",
        "name": "PL1",
        "teacherId": 1,
        "totalStudentsRegistered": 10
      },
      {
        "id": 53,
        "courseId": 27,
        "classroomId": 1,
        "day": "Wednesday",
        "from": 10,
        "to": 12,
        "type": "T",
        "name": "T1",
        "teacherId": 2,
        "totalStudentsRegistered": 10
      },
      {
        "id": 54,
        "courseId": 27,
        "classroomId": 1,
        "day": "Thursday",
        "from": 14,
        "to": 16,
        "type": "PL",
        "name": "PL1",
        "teacherId": 2,
        "totalStudentsRegistered": 10
      },
      {
        "id": 55,
        "courseId": 28,
        "classroomId": 1,
        "day": "Friday",
        "from": 10,
        "to": 12,
        "type": "T",
        "name": "T1",
        "teacherId": 3,
        "totalStudentsRegistered": 10
      },
      {
        "id": 56,
        "courseId": 28,
        "classroomId": 1,
        "day": "Monday",
        "from": 10,
        "to": 12,
        "type": "T",
        "name": "T1",
        "teacherId": 3,
        "totalStudentsRegistered": 10
      },
      {
        "id": 56,
        "courseId": 28,
        "classroomId": 1,
        "day": "Monday",
        "from": 14,
        "to": 16,
        "type": "PL",
        "name": "PL1",
        "teacherId": 3,
        "totalStudentsRegistered": 10
      },
      {
        "id": 57,
        "courseId": 29,
        "classroomId": 1,
        "day": "Tuesday",
        "from": 10,
        "to": 12,
        "type": "T",
        "name": "T1",
        "teacherId": 4,
        "totalStudentsRegistered": 10
      },
      {
        "id": 58,
        "courseId": 29,
        "classroomId": 1,
        "day": "Wednesday",
        "from": 14,
        "to": 16,
        "type": "PL",
        "name": "PL1",
        "teacherId": 4,
        "totalStudentsRegistered": 10
      },
      {
        "id": 59,
        "courseId": 30,
        "classroomId": 1,
        "day": "Thursday",
        "from": 10,
        "to": 12,
        "type": "T",
        "name": "T1",
        "teacherId": 5,
        "totalStudentsRegistered": 10
      },
      {
        "id": 60,
        "courseId": 30,
        "classroomId": 1,
        "day": "Friday",
        "from": 14,
        "to": 16,
        "type": "PL",
        "name": "PL1",
        "teacherId": 5,
        "totalStudentsRegistered": 10
      }
    ],
    "allocations": [
      {
        "id": 1,
        "shiftId": 1,
        "studentId": 1
      },
      {
        "id": 2,
        "shiftId": 2,
        "studentId": 1
      },
      {
        "id": 3,
        "shiftId": 3,
        "studentId": 1
      },
      {
        "id": 4,
        "shiftId": 4,
        "studentId": 1
      },
      {
        "id": 5,
        "shiftId": 5,
        "studentId": 1
      },
      {
        "id": 6,
        "shiftId": 6,
        "studentId": 1
      },
      {
        "id": 7,
        "shiftId": 7,
        "studentId": 1
      },
      {
        "id": 8,
        "shiftId": 8,
        "studentId": 1
      },
      {
        "id": 9,
        "shiftId": 9,
        "studentId": 1
      },
      {
        "id": 10,
        "shiftId": 10,
        "studentId": 1
      },
      {
        "id": 11,
        "shiftId": 11,
        "studentId": 2
      },
      {
        "id": 12,
        "shiftId": 12,
        "studentId": 2
      },
      {
        "id": 13,
        "shiftId": 13,
        "studentId": 2
      },
      {
        "id": 14,
        "shiftId": 14,
        "studentId": 2
      },
      {
        "id": 15,
        "shiftId": 15,
        "studentId": 2
      },
      {
        "id": 16,
        "shiftId": 16,
        "studentId": 2
      },
      {
        "id": 17,
        "shiftId": 17,
        "studentId": 2
      },
      {
        "id": 18,
        "shiftId": 18,
        "studentId": 2
      },
      {
        "id": 19,
        "shiftId": 19,
        "studentId": 2
      },
      {
        "id": 20,
        "shiftId": 20,
        "studentId": 2
      },
      {
        "id": 21,
        "shiftId": 21,
        "studentId": 3
      },
      {
        "id": 22,
        "shiftId": 22,
        "studentId": 3
      },
      {
        "id": 23,
        "shiftId": 23,
        "studentId": 3
      },
      {
        "id": 24,
        "shiftId": 24,
        "studentId": 3
      },
      {
        "id": 25,
        "shiftId": 25,
        "studentId": 3
      },
      {
        "id": 26,
        "shiftId": 26,
        "studentId": 3
      },
      {
        "id": 27,
        "shiftId": 27,
        "studentId": 3
      },
      {
        "id": 28,
        "shiftId": 28,
        "studentId": 3
      },
      {
        "id": 29,
        "shiftId": 29,
        "studentId": 3
      },
      {
        "id": 30,
        "shiftId": 30,
        "studentId": 3
      },
      {
        "id": 31,
        "shiftId": 31,
        "studentId": 4
      },
      {
        "id": 32,
        "shiftId": 32,
        "studentId": 4
      },
      {
        "id": 33,
        "shiftId": 33,
        "studentId": 4
      },
      {
        "id": 34,
        "shiftId": 34,
        "studentId": 4
      },
      {
        "id": 35,
        "shiftId": 35,
        "studentId": 4
      },
      {
        "id": 36,
        "shiftId": 36,
        "studentId": 4
      },
      {
        "id": 37,
        "shiftId": 37,
        "studentId": 4
      },
      {
        "id": 38,
        "shiftId": 38,
        "studentId": 4
      },
      {
        "id": 39,
        "shiftId": 39,
        "studentId": 4
      },
      {
        "id": 40,
        "shiftId": 40,
        "studentId": 4
      },
      {
        "id": 41,
        "shiftId": 41,
        "studentId": 5
      },
      {
        "id": 42,
        "shiftId": 42,
        "studentId": 5
      },
      {
        "id": 43,
        "shiftId": 43,
        "studentId": 5
      },
      {
        "id": 44,
        "shiftId": 44,
        "studentId": 5
      },
      {
        "id": 45,
        "shiftId": 45,
        "studentId": 5
      },
      {
        "id": 46,
        "shiftId": 46,
        "studentId": 5
      },
      {
        "id": 47,
        "shiftId": 47,
        "studentId": 5
      },
      {
        "id": 48,
        "shiftId": 48,
        "studentId": 5
      },
      {
        "id": 49,
        "shiftId": 49,
        "studentId": 5
      },
      {
        "id": 50,
        "shiftId": 50,
        "studentId": 5
      },
      {
        "id": 51,
        "shiftId": 51,
        "studentId": 6
      },
      {
        "id": 52,
        "shiftId": 52,
        "studentId": 6
      },
      {
        "id": 53,
        "shiftId": 53,
        "studentId": 6
      },
      {
        "id": 54,
        "shiftId": 54,
        "studentId": 6
      },
      {
        "id": 55,
        "shiftId": 55,
        "studentId": 6
      },
      {
        "id": 56,
        "shiftId": 56,
        "studentId": 6
      },
      {
        "id": 57,
        "shiftId": 57,
        "studentId": 6
      },
      {
        "id": 58,
        "shiftId": 58,
        "studentId": 6
      },
      {
        "id": 59,
        "shiftId": 59,
        "studentId": 6
      },
      {
        "id": 60,
        "shiftId": 60,
        "studentId": 6
      },
      {
        "id": 61,
        "shiftId": 1,
        "studentId": 7
      },
      {
        "id": 62,
        "shiftId": 2,
        "studentId": 7
      },
      {
        "id": 63,
        "shiftId": 3,
        "studentId": 7
      },
      {
        "id": 64,
        "shiftId": 4,
        "studentId": 7
      },
      {
        "id": 65,
        "shiftId": 5,
        "studentId": 7
      },
      {
        "id": 66,
        "shiftId": 6,
        "studentId": 7
      },
      {
        "id": 67,
        "shiftId": 7,
        "studentId": 7
      },
      {
        "id": 68,
        "shiftId": 8,
        "studentId": 7
      },
      {
        "id": 69,
        "shiftId": 9,
        "studentId": 7
      },
      {
        "id": 70,
        "shiftId": 10,
        "studentId": 7
      }
    ],
    "conflicts": [
      {
        "id": 1,
        "studentId": 1,
        "courseIDs": [1, 11]
      },
      {
        "id": 2,
        "studentId": 2,
        "courseIDs": [6, 16]
      },
      {
        "id": 3,
        "studentId": 3,
        "courseIDs": [11, 21]
      },
      {
        "id": 4,
        "studentId": 4,
        "courseIDs": [16, 26]
      }
    ],
    "buildings": [
      {
        "id": 1,
        "name": "Edificio 1",
        "abbreviation": "E1"
      }
    ],
    "classrooms": [
      {
        "id": 1,
        "name": "1.01",
        "capacity": 50,
        "buildingId": 1
      }
    ],
    "classroomRequests": [
      {
        "id": 1,
        "classroomId": 1,
        "teacherId": 1,
        "reason": "Sala a ficar pequena",
        "response": "ok",
        "responseSeenByTeacher": false,
        "date": "2023-10-01",
        "shiftId": 36
      },
      {
        "id": 2,
        "classroomId": 1,
        "teacherId": 3,
        "reason": "Sala a ficar pequena",
        "response": "rejected",
        "responseSeenByTeacher": false,
        "date": "2023-10-01",
        "shiftId": 36
      },
      {
        "id": 3,
        "classroomId": 1,
        "teacherId": 2,
        "reason": "Sala a ficar pequena",
        "response": "ok",
        "responseSeenByTeacher": false,
        "date": "2023-10-01",
        "shiftId": 36
      },
      {
        "id": 4,
        "classroomId": 1,
        "teacherId": 1,
        "reason": "Sala a ficar pequena",
        "response": "pending",
        "responseSeenByTeacher": false,
        "date": "2023-10-01",
        "shiftId": 36
      }
    ],
    "shiftRequests": [
      {
        "id": 1,
        "shiftId": 100,
        "fromShiftId": 36,
        "studentId": 1,
        "reason": "Sobreposição com outra aula",
        "response": "ok",
        "responseSeenByStudent": false,
        "date": "2024-10-01"
      },
      {
        "id": 2,
        "shiftId": 1,
        "fromShiftId": 34,
        "studentId": 2,
        "reason": "Sobreposição com outra aula",
        "response": "pending",
        "responseSeenByStudent": false,
        "date": "2024-10-01"
      },
      {
        "id": 3,
        "shiftId": 10,
        "fromShiftId": 36,
        "studentId": 3,
        "reason": "Sobreposição com outra aula",
        "response": "pending",
        "responseSeenByStudent": false,
        "date": "2024-10-01"
      }
    ]
  }